"1","Delhi","Dehli; Dilli","11","28.6139391","77.2090212","213.1585999","16314838","Delhi","DL"
"2","Kolkata","Calcutta; Howrah","33","22.572646","88.363895","13.94972324","14112536","Kolkata","WB"
"3","Mumbai","Bombay","22","19.0759837","72.8776559","5.45586729","12461724","Mumbai","MH"
"4","Hyderabad",,"40","17.384934","78.486616","504.7939453","8746490","Hyderabad","TG"
"5","Bengaluru","Bangalore","80","12.9715987","77.5945627","911.8583984","8728906","Bengaluru Urban","KA"
"6","Chennai","Madras","44","13.0826802","80.2707184","9.259319305","8696010","Chennai","TN"
"7","Ahmedabad",,"79","23.022505","72.5713621","50.38751221","6577940","Ahmedabad","GJ"
"8","Surat",,"261","21.1702401","72.8310607","13.92158127","4462002","Surat","GJ"
"9","Pune","Poona; Puna","20","18.5204303","73.8567437","559.9094849","3115431","Pune","MH"
"10","Jaipur",,"141","26.9124336","75.7872709","432.9278259","3046163","Jaipur","RJ"
"11","Kanpur","Cawnpore","522","26.447965","80.330572","132.236557","2920067","Kanpur","UP"
"12","Lucknow",,"512","26.8466937","80.946166","117.335022","2901474","Lucknow","UP"
"13","Nagpur",,"712","21.1458004","79.0881546","310.3305664","2405421","Nagpur","MH"
"14","Ghaziabad",,"120","28.6691565","77.4537578","218.1665497","2358525","Ghaziabad","UP"
"15","Indore",,"731","22.7195687","75.8577258","549.1705933","2167447","Indore","MP"
"16","Coimbatore","Kovai","422","11.0168445","76.9558321","432.0474548","2151466","Coimbatore","TN"
"17","Patna",,"612","25.5940947","85.1375645","54.95563126","2046652","Patna","BR"
"18","Visakhapatnam","Vizag","891","17.6868159","83.2184815","54.02649689","2035922","Visakhapatnam","AP"
"19","Bhopal",,"755","23.2599333","77.412615","495.2271423","1883381","Bhopal","MP"
"20","Nashik",,"253","19.9974533","73.7898023","582.673645","1817359","Nashik","MH"
"21","Pimpri-Chinchwad",,"212","18.62354","73.807873","572.5076904","1772891","Pune","MH"
"22","Agra",,"562","27.1766701","78.0080745","167.8369751","1746467","Agra","UP"
"23","Vadodara","Baroda","265","22.3071588","73.1812187","36.88405991","1670806","Vadodara","GJ"
"24","Ludhiana",,"161","30.900965","75.8572758","251.869278","1618879","Ludhiana","PB"
"25","Madurai",,"452","9.9252007","78.1197754","138.6851654","1462420","Madurai","TN"
"26","Varanasi","Kashi; Banaras; Benaras","542","25.3176452","82.9739144","80.98555756","1435113","Varanasi","UP"
"27","Meerut",,"121","28.9844618","77.7064137","225.0532074","1424908","Meerut","UP"
"28","Faridabad",,"129","28.4089123","77.3177894","205.292572","1404653","Faridabad","HR"
"29","Jamshedpur",,"657","22.8045665","86.2028754","150.3902283","1337131","East Singhbhum","JH"
"30","Rajkot",,"281","22.3038945","70.8021599","128.6469727","1286678","Rajkot","GJ"
"31","Jabalpur","Jubbulpore","761","23.181467","79.9864071","422.4355469","1267564","Jabalpur","MP"
"32","Asansol",,"341","23.6739452","86.9523954","121.2698441","1243008","Bardhaman","WB"
"33","Allahabad","Ilahabad; Prayag","532","25.4358011","81.846311","94.81197357","1216719","Allahabad","UP"
"34","Dhanbad",,"326","23.7956531","86.4303859","246.2186279","1195298","Dhanbad","JH"
"35","Srinagar",,"194","34.081413","74.807591","1593.155396","1192792","Srinagar","JK"
"36","Aurangabad",,"240","19.8761653","75.3433139","594.7637329","1171330","Aurangabad","MH"
"37","Jodhpur",,"291","26.2389469","73.0243094","220.236084","1137815","Jodhpur","RJ"
"38","Amritsar",,"183","31.6339793","74.8722642","232.0050659","1132761","Amritsar","PB"
"39","Ranchi",,"651","23.349649","85.334521","635.0498657","1126741","Ranchi","JH"
"40","Gwalior",,"751","26.2182871","78.1828308","211.9999847","1101981","Gwalior","MP"
"41","Chandigarh",,"172","30.7399738","76.7567368","334.1286316","1054686","Chandigarh","CH"
"42","Vijayawada",,"866","16.5061743","80.6480153","31.65884972","1048240","Krishna","AP"
"43","Tiruchirappalli","Trichy; Tiruchi; Trichinopoly","431","10.7904833","78.7046725","81.21243286","1021717","Tiruchirappalli","TN"
"44","Raipur",,"771","21.2513844","81.6296413","296.9813843","1010087","Raipur","CT"
"45","Kota",,"744","25.2138156","75.8647527","259.7347412","1001365","Kota","RJ"
"46","Bareilly",,"581","28.3670355","79.4304381","177.5299377","979933","Bareilly","UP"
"47","Guwahati","Gauhati","361","26.1445169","91.7362365","49.71243286","968549","Kamrup","AS"
"48","Tirupur","Tiruppur","421","11.1085242","77.3410656","307.00354","962982","Tiruppur","TN"
"49","Thiruvananthapuram","Trivandrum","471","8.5241391","76.9366376","21.32456779","957730","Thiruvananthapuram","KL"
"50","Solapur",,"217","17.6599188","75.9063906","474.0987854","951118","Solapur","MH"
"51","Hubli","Hubballi; Hubli-Dharwad","836","15.3647083","75.1239547","626.3363647","943857","Dharwad","KA"
"52","Salem",,"427","11.664325","78.1460142","285.118042","919150","Salem","TN"
"53","Aligarh","Allygurh","571","27.8973944","78.0880129","188.6563416","909559","Aligarh","UP"
"54","Gurgaon","Guru Gram","124","28.4594965","77.0266383","228.025177","901968","Gurgaon","HR"
"55","Durg","Durg - Bhilai","788","21.1904494","81.2849169","296.6963806","894376","Durg","CT"
"56","Moradabad",,"591","28.8386481","78.7733286","203.6760101","889810","Moradabad","UP"
"57","Mysore","Mysuru","821","12.2958104","76.6393805","750.0726318","887446","Mysuru","KA"
"58","Bhubaneswar","Bhubaneshwar","674","20.295515","85.824797","46.09406281","881988","Khurda","OR"
"59","Jalandhar","Jullundur","181","31.3260152","75.5761829","240.4796906","862196","Jalandhar","PB"
"60","Warangal",,"870","17.975762","79.601212","269.8690186","811844","Warangal","TG"
"61","Guntur",,"863","16.3066525","80.4365402","39.71603775","743354","Guntur","AP"
"62","Dehradun",,"135","30.3164945","78.0321918","652.1730957","714223","Dehradun","UT"
"63","Bhiwandi",,"2522","19.2812547","73.0482912","13.54393291","711329","Thane","MH"
"64","Saharanpur",,"132","29.967079","77.5510172","277.2987061","703345","Saharanpur","UP"
"65","Siliguri",,"353","26.7083818","88.4268741","122.0030594","701489","Darjeeling; Jalpaiguri","WB"
"66","Gorakhpur",,"551","26.7605545","83.3731675","82.13924408","692519","Gorakhpur","UP"
"67","Cuttack",,"671","20.462521","85.8829895","28.46274757","658986","Cuttack","OR"
"68","Pondicherry","Puducherry; Pondy","413","11.9138598","79.8144722","3.723860979","654392","Pondicherry","PY"
"69","Amravati","Ambanagari","721","20.9374238","77.7795513","366.3330688","646801","Amravati","MH"
"70","Bikaner",,"151","28.0229348","73.3119159","225.2949982","644406","Bikaner","RJ"
"71","Faizabad",,"5278","26.7732476","82.1441643","104","642381","Faizabad","UP"
"72","Kochi","Cochin","484","9.9312328","76.2673041","7.96732378","612343","Ernakulam","KL"
"73","Firozabad",,"5612","27.1591006","78.3957574","166.38591","603797","Firozabad","UP"
"74","Bhavnagar",,"278","21.768064","72.147388","30.2083931","593368","Bhavnagar","GJ"
"75","Durgapur",,"343","23.5204443","87.3119227","107.7963104","581409","Bardhaman","WB"
"76","Bokaro Steel City",,"6542","23.6692956","86.151112","214.4392853","563417","Bokaro","JH"
"77","Naya Raipur",,"771","21.1649932","81.7753055","314","560000","Raipur","CT"
"78","Rourkela","Raurkela","661","22.260423","84.8535844","201.8086395","552,970","Sundargarh","OR"
"79","Ajmer",,"145","26.4498954","74.6399163","477.6025391","551101","Ajmer","RJ"
"80","Nanded",,"2462","19.1382514","77.3209555","356.374939","550564","Nanded","MH"
"81","Kolhapur",,"231","16.7049873","74.2432527","567.2568359","549618","Kolhapur","MH"
"82","Jhansi",,"510","25.4484257","78.5684594","257.9830017","549391","Jhansi","UP"
"83","Gulbarga","Kalaburagi","8472","17.329731","76.8342957","455.3568115","532031","Kalburgi","KA"
"84","Agartala",,"381","23.831457","91.2867777","15.93061543","522613","West Tripura","TR"
"85","Erode",,"424","11.3410364","77.7171642","176.6972046","521776","Erode","TN"
"86","Ujjain",,"734","23.1793013","75.7849097","492.842926","515215","Ujjain","MP"
"87","Sangli-Miraj-Kupwad",,"233","16.8541887","74.6049061","561.3086548","513862","Sangli","MH"
"88","Jammu",,"191","32.726601","74.857031","327","503690","Jammu","JK"
"89","Nellore",,"861","14.4425987","79.986456","19.11972427","499575","Nellore","AP"
"90","Mangalore","Mangaluru","824","12.9141417","74.8559568","28.84196854","499487","South Canara","KA"
"91","Tirunelveli","Nellai; Tinnevelly","462","8.7139126","77.7566523","53.77753448","498984","Tirunelveli","TN"
"92","Muzaffarnagar",,"131","29.4726817","77.7085091","249.2189484","494792","Muzaffarnagar","UP"
"93","Belgaum","Belagavi; Belgaon; Venugrama","831","15.8496953","74.4976741","775.6207886","490045","Belagavi","KA"
"94","Vellore",,"416","12.9165167","79.1324986","218.1465759","481966","Vellore","TN"
"95","Jamnagar",,"288","22.4707019","70.05773","21.02386665","479920","Jamnagar","GJ"
"96","Udaipur",,"294","24.595745","73.694395","581.3670044","474531","Udaipur","RJ"
"97","Gaya",,"631","24.7954523","84.999431","116.2075958","470839","Gaya","BR"
"98","Jalgaon",,"257","21.0076578","75.5626039","225.4099731","460000","Jalgaon","MH"
"99","Mathura",,"565","27.4924134","77.673673","176.5500488","454937","Mathura","UP"
"100","Patiala",,"175","30.3397809","76.3868797","255","445196","Patiala","PB"
"101","Panipat",,"180","29.3909464","76.9635023","237.8469849","442277","Panipat","HR"
"102","Davangere",,"8192","14.4663438","75.9238397","595.8746338","435128","Davangere","KA"
"103","Calicut","Kozhikode","495","11.2587531","75.78041","15.41701698","432097","Kozhikode","KL"
"104","Akola",,"724","20.7059345","77.0219019","288.2747192","427618","Akola","MH"
"105","Kurnool",,"8518","15.8281257","78.0372792","284.974884","424920","Kurnool","AP"
"106","Rajamahendravaram","Rajahmundry","883","17.0005383","81.8040345","36.38978577","419818","East","AP"
"107","Latur",,"2382","18.4087934","76.5603828","632.861145","410873","Latur","MH"
"108","Tuticorin","Thoothukudi","461","8.7641661","78.1348361","1.923844695","410760","Thoothukkudi","TN"
"109","Bhagalpur",,"641","25.2414303","86.9924358","44.16566086","410210","Bhagalpur","BR"
"110","Malegaon",,"2554","20.554554","74.525989","429.1509705","409618","Malegaon","MH"
"111","Bellary","Ballari","8392","15.1393932","76.9214428","458.6511536","409444","Ballari","KA"
"112","Ambala",,"171","30.3781788","76.7766974","274.3565369","407934","Ambala","HR"
"113","Muzaffarpur",,"621","26.1208876","85.3647201","59.51567841","393724","Muzaffarpur","BR"
"114","Yamunanagar",,"1732","30.1290485","77.2673901","278.85849","383318","Yamunanagar","HR"
"115","Dhule",,"2562","20.9042201","74.7748979","263.1583252","380000","Dhule","MH"
"116","Dimapur",,"3862","25.8629885","93.7536663","165.8028717","375782","Dimapur","NL"
"117","Tirupati",,"877","13.6287557","79.4191795","153.6281586","374260","Chittoor","AP"
"118","Rohtak",,"1262","28.8955152","76.606611","223.922699","373133","Rohtak","HR"
"119","Sagar","Saugor","7582","23.838805","78.7378068","522.569519","370296","Sagar","MP"
"120","Budaun","Badaun","583","28.0337088","79.1205419","173.9219818","369221","Budaun","UP"
"121","Korba",,"7759","22.3594501","82.7500595","314.9524231","363210","Korba","CT"
"122","Bhilwara",,"1482","25.321377","74.586953","427.1775513","359483","Bhilwara","RJ"
"123","Rampur",,"595","28.7893041","79.0249516","190.0673218","359062","Rampur","UP"
"124","Shahjahanpur",,"5842","27.883744","79.9122455","159.6863251","356103","Shahjahanpur","UP"
"125","Berhampur","Brahmapur","680","19.314914","84.794244","33.80371094","355,823","Ganjam","OR"
"126","Ahmednagar","Ahmadnagar","241","19.0952075","74.7495916","657.411499","350000","Ahmednagar","MH"
"127","Kollam","Quilon; Desinganadu; Coulao","474","8.8932118","76.6141396","19.20416069","349033","Kollam","KL"
"128","Bardhaman","Burdwan","342","23.2324214","87.8614793","37.6313858","347016","Bardhaman","WB"
"129","Kadapa","Cuddapah","8562","14.4673541","78.8241339","137.4309082","341823","Kadapa","AP"
"130","Alwar",,"144","27.5529907","76.6345735","265.3737183","341422","Alwar","RJ"
"131","Bilaspur",,"7752","22.0796251","82.1391412","270.4966431","330106","Bilaspur","CT"
"132","Nandurbar",,"2564","21.3755507","74.2427644","203.0583649","329786","Nandurbar","MH"
"133","Bijapur","Vijayapur","8352","16.8301708","75.710031","611.7012329","327427","Vijayapur","KA"
"134","Ichalkaranji",,"2324","16.7090008","74.4560807","568.0951538","325499","Kolhapur","MH"
"135","Thrissur","Trichur; Thiru Siva Peroor","487","10.5276416","76.2144349","21.02470589","325474","Thrissur","KL"
"136","Chandrapur",,"7172","19.9704597","79.3014845","205.0141602","325000","Chandrapur","MH"
"137","Malda","English Bazar; Ingraj Bazar","3512","25.0108408","88.1410967","30.7758522","324237","Malda","WB"
"138","Shimoga","Shivamogga","8182","13.9299299","75.568101","588.0237427","322428","Shivamogga","KA"
"139","Junagadh",,"285","21.522184","70.4578768","90.03440857","319462","Junagadh","GJ"
"140","Farrukhabad",,"5692","27.3826126","79.5940544","150.9270935","318540","Farrukhabad","UP"
"141","Kakinada",,"884","16.9890648","82.2474648","7.053235054","312255","East","AP"
"142","Nizamabad",,"8462","18.673421","78.092593","392.4441528","311152","Nizamabad","TG"
"143","Purnia","Purnea","6454","25.7771391","87.4752551","42.60599518","310817","Purnia","BR"
"144","Haridwar",,"1334","29.9456906","78.1642478","288.7457275","310582","Haridwar","UT"
"145","Hisar","Hissar","1662","29.1491875","75.7216527","212.7848053","306893","Hisar","HR"
"146","Darbhanga",,"6272","26.111868","85.896004","56.54932022","306089","Darbhanga","BR"
"147","Tumkur","Tumakuru","816","13.345018","77.101945","819.8740845","305821","Tumakuru","KA"
"148","Baharampur",,"3482","24.164895","88.274906","22.35816574","305609","Murshidabad","WB"
"149","Habra",,"3216","22.8488542","88.6639591","13.23550797","304584","North 24 Parganas","WB"
"150","Jalpaiguri",,"3561","26.5434772","88.7205256","83.27371979","303874","Jalpaiguri","WB"
"151","Karnal",,"184","29.6856929","76.9904825","252.3700409","303425","Karnal","HR"
"152","Ozhukarai","Uzhavarkarai","413","11.94888","79.712141","19.67551994","300104","Pondicherry","PY"
"153","Bihar Sharif",,"6112","25.1982147","85.5148735","58.44003296","296889","Nalanda","BR"
"154","Kharagpur",,"3222","22.34601","87.2319753","52.28842545","293719","Paschim Medinipur","WB"
"155","Aizawl",,"389","23.727107","92.7176389","1066.534302","293416","Aizwal","MZ"
"156","Sonipat","Sonepat","130","28.9287735","77.091281","225.8131866","292339","Sonipat","HR"
"157","Gudiyatham","Gudiyattam; Gudiyettram","4171","12.9447361","78.8709019","278.1278076","291558","Vellore","TN"
"158","Dewas",,"7272","22.9622672","76.0507949","537.2230835","289438","Dewas","MP"
"159","Shantipur","Santipur","3472","23.2645399","88.4380966","16.73291588","288718","Nadia","WB"
"160","Bathinda","Bhatinda","164","30.210994","74.9454745","207.7039795","285788","Bathinda","PB"
"161","Jalna",,"2482","19.842614","75.894805","499.6987","285577","Jalna","MH"
"162","Satna",,"7672","24.6005075","80.8322428","325.5716248","283004","Satna","MP"
"163","Mau","Maunath Bhanjan","5464","25.9496379","83.5586445","77.10067749","279060","Mau","UP"
"164","Roorkee",,"1332","29.8542626","77.8880002","275.7794189","275502","Haridwar","UT"
"165","Ratlam","Ratnapuri","7412","23.3341696","75.0376325","486.0803528","273892","Ratlam","MP"
"166","Parbhani",,"2452","19.2609958","76.776665","417","270000","Parbhani","MH"
"167","Sambalpur",,"663","21.4668716","83.9811665","160.3558655","269,575","Sambalpur","OR"
"168","Anantapur",,"8554","14.6818877","77.6005911","348.9018555","268503","Anantapur","AP"
"169","Imphal",,"385","24.8170111","93.9368439","782.9458008","264986","Imphal West; Imphal East","MN"
"170","Rajnandgaon",,"7744","21.0971034","81.0302222","309.6764221","263122","Rajnandgaon","CT"
"171","Hapur","Haripur","122","28.7305798","77.7758825","215","262801","Hapur","UP"
"172","Karimnagar",,"878","18.438485","79.128931","279.1332092","261185","Karimnagar","TG"
"173","Arrah","Ara","6182","25.5560443","84.6603307","65.22813416","261099","Bhojpur","BR"
"174","Noida",,"120","28.600032","77.351504","204.0539856","259160","Noida","UP"
"175","Etawah",,"5688","26.784784","79.021451","152.5662689","256790","Etawah","UP"
"176","Haldwani","Kathgodam","5946","29.2182644","79.5129767","433.3934021","252060","Nainital","UT"
"177","Bharatpur",,"5644","27.216981","77.489515","181.112854","252000","Bharatpur","RJ"
"178","Begusarai",,"6243","25.416675","86.1293792","48.2841301","251136","Begusarai","BR"
"179","Sri Ganganagar",,"154","29.912527","73.875212","176.4245911","249914","Sri Ganganagar","RJ"
"180","Dankuni",,"3212","22.6808348","88.2929313","7.901014805","249840","Hooghly","WB"
"181","Gandhidham",,"2836","23.075297","70.133673","18.43569565","247992","Kutch","GJ"
"182","Mirzapur",,"5442","25.1336987","82.5644344","86.60173035","245817","Mirzapur","UP"
"183","Sikar",,"1572","27.6094","75.139911","434.676239","244497","Sikar","RJ"
"184","Katihar",,"6452","25.542424","87.567953","33.50004196","240565","Katihar","BR"
"185","Dhulian",,"3485","24.6706654","87.9481846","27","239022","Murshidabad","WB"
"186","Ranaghat",,"3473","23.17405","88.5639352","16.67418861","235583","Nadia","WB"
"187","Rewa",,"7662","24.5372927","81.30418","306.771698","235422","Rewa","MP"
"188","Bulandshahr",,"5732","28.406963","77.8498292","203.5984802","235310","Bulandshahr","UP"
"189","Kannur","Cannanore","497","11.8744775","75.3703662","19.63994408","232634","Kannur","KL"
"190","Raichur",,"8532","16.2120031","77.3439283","392.6736755","232456","Raichur","KA"
"191","Pali",,"2932","25.7710893","73.3234478","217.9894409","230075","Pali","RJ"
"192","Ramagundam",,"8728","18.762412","79.473362","149.149292","229644","Karimnagar","TG"
"193","Silchar",,"3842","24.8332708","92.7789054","24","228985","Cachar","AS"
"194","Vizianagaram",,"8922","18.1066576","83.3955506","66.53398132","228025","Vizianagaram","AP"
"195","Nagercoil","Nagerkovil","4652","8.1832857","77.4118996","62.27349472","224849","Kanyakumari","TN"
"196","Thanjavur","Tanjore","4362","10.7869994","79.1378274","58","222943","Thanjavur","TN"
"197","Katni","Murwara; Mudwara","7622","23.8308453","80.4072255","378.8739319","221875","Katni","MP"
"198","Sambhal",,"5923","28.5903614","78.5717631","202.9590454","221334","Sambhal","UP"
"199","Singrauli",,"7805","24.200261","82.663989","392.9456177","220295","Singrauli","MP"
"200","Nadiad",,"268","22.6915853","72.8633635","36.0011673","218095","Kheda","GJ"
"201","Eluru",,"8812","16.7106604","81.0952431","21.15529251","217876","West","AP"
"202","Bidar",,"8482","17.9148799","77.5046101","672.1433105","216020","Bidar","KA"
"203","Munger",,"6344","25.376505","86.476588","49.78596115","213101","Munger","BR"
"204","Chhapra","Chapra","6152","25.7795649","84.7498886","60.20641708","212955","Saran","BR"
"205","Burhanpur",,"7325","21.3193875","76.2224273","249","210891","Burhanpur","MP"
"206","Panchkula",,"172","30.6942091","76.860565","340.098877","210175","Panchkula","HR"
"207","Dindigul",,"451","10.3673123","77.9802906","286.0294495","207327","Dindigul","TN"
"208","Gandhinagar",,"2712","23.2156354","72.6369415","78.92721558","206167","Gandhinagar","GJ"
"209","Hospet","Hosapete","8394","15.2688542","76.3909241","483.8506165","206159","Bellary","KA"
"210","Bhusawal","Bhusaval","2582","21.0455204","75.8010962","210.7913361","204016","Jalgaon","MH"
"211","Deoghar",,"6432","24.4763201","86.6913222","252.3865356","203116","Deoghar","JH"
"212","Ongole",,"8592","15.5057232","80.049922","19.72561646","202826","Prakasam","AP"
"213","Puri","Jagannath Puri","6752","19.8133822","85.8314655","13.13162231","201,026","Puri","OR"
"214","Haldia",,"3224","22.0666742","88.0698118","7.114762783","200762","Purba Medinipur","WB"
"215","Nandyal",,"8514","15.4785694","78.4830934","211.9016724","200746","Kurnool","AP"
"216","Khandwa",,"733","21.8257334","76.352571","309.0037842","200681","Khandwa","MP"
"217","Morena",,"7532","26.4933562","77.9909949","176.6551819","200506","Morena","MP"
"218","Raiganj",,"3523","25.6185295","88.1255837","37.43837738","199758","Uttar Dinajpur","WB"
"219","Anand",,"2692","22.5645175","72.928871","40.31628799","198282","Anand","GJ"
"220","Bhiwani",,"1664","28.7990445","76.1335112","218.6511383","197662","Bhiwani","HR"
"221","Bhind",,"7534","26.5587354","78.7872876","150.0497437","197332","Bhind","MP"
"222","Amroha",,"5922","28.9043537","78.4673426","222.0056305","197135","Amroha","UP"
"223","Hardoi",,"5852","27.3986345","80.1316927","149.3543243","197046","Hardoi","UP"
"224","Vaniyambadi",,"4174","12.6950325","78.6218853","348.2792969","195061","Vellore","TN"
"225","Morbi","Morvi","2822","22.8119895","70.8236195","49.09431839","194947","Morbi","GJ"
"226","Fatehpur",,"5180","25.9200736","80.8099941","120.8431854","193801","Fatehpur","UP"
"227","Kasaragod",,"4994","12.5102239","74.9851678","23.28479195","192856","Kasaragod","KL"
"228","Raebareli",,"535","26.2345298","81.2408689","115.0805283","191625","Raebareli","UP"
"229","Daman",,"2875","20.3973736","72.8327991","13.75084972","191173","Daman","DD"
"230","Orai",,"5162","26.00864","79.4478858","137.4337158","190625","Jalaun","UP"
"231","Chhindwara",,"7162","22.057437","78.9381729","686.0933228","190008","Chhindwara","MP"
"232","Barmer",,"2982","25.7531537","71.4180622","173","189715","Barmer","RJ"
"233","Sitapur",,"5862","27.561892","80.688511","143.3459778","188230","Sitapur","UP"
"234","Bahraich",,"5252","27.5708377","81.5980246","123.5119934","186241","Bahraich","UP"
"235","Phusro",,"6549","23.7622641","86.0020693","216.7354279","186139","Bokaro","JH"
"236","Khammam",,"8742","17.247318","80.151443","129.4547729","184210","Khammam","TG"
"237","Khambhat","Cambay","2698","22.316748","72.624144","17.96876717","183830","Anand","GJ"
"238","Sirsa",,"1666","29.5335931","75.0177029","202.0065765","183282","Sirsa","HR"
"239","Modinagar",,"1232","28.8316307","77.5779592","222.1780243","182811","Ghaziabad","UP"
"240","Krishnanagar",,"3472","23.4008744","88.5013962","19.99343681","181182","Nadia","WB"
"241","Guna",,"7542","24.6348197","77.2979782","481.0746155","180978","Guna","MP"
"242","Shivpuri",,"7492","25.4357869","77.665066","469.5222778","179972","Shivpuri","MP"
"243","Unnao",,"515","26.5393449","80.4878195","127.0844574","178681","Unnao","UP"
"244","Surendranagar",,"2752","22.7201319","71.649536","67.79012299","177851","Surendranagar","GJ"
"245","Balasore","Baleshwar","6782","21.504467","86.922227","18.56797409","177,557","Balasore","OR"
"246","Nabadwip","Naodah; Navadvip","3472","23.4036446","88.3676393","18.56731415","175474","Nadia","WB"
"247","Bongaigaon",,"3664","26.5009992","90.5352356","61.44454956","174973","Bongaigaon","AS"
"248","Alappuzha","Alleppey","477","9.4980667","76.3388484","7.437794209","174164","Alappuzha","KL"
"249","Alappuzha","Alleppey","477","9.4980667","76.3388484","7.437794209","174164","Alappuzha","KL"
"250","Cuddalore",,"4142","11.744699","79.7680243","7.457636833","173636","Cuddalore","TN"
"251","Hassan",,"8172","13.0068142","76.0995519","951.194397","173008","Hassan","KA"
"252","Gadag","Betgeri; Betageri; Betigeri","8372","15.4324651","75.6380337","659.7345581","172612","Gadag","KA"
"253","Shimla","Simla","177","31.1048145","77.1734033","2196.884277","171817","Shimla","HP"
"254","Komarapalayam","Kumarapalayam","4288","11.4466642","77.6943353","169.8353882","171594","Namakkal","TN"
"255","Bahadurgarh",,"1276","28.6924464","76.9239727","219.205719","170426","Jhajjar","HR"
"256","Machilipatnam",,"8672","16.1905457","81.1361543","10.91092873","169892","Krishna","AP"
"257","Midnapore","Medinipur","3222","22.4308892","87.3214908","53.37340546","169127","Paschim Medinipur","WB"
"258","Bharuch","Broach","2642","21.701963","72.99996","16.83368874","169007","Bharuch","GJ"
"259","Hoshiarpur",,"1882","31.5143178","75.911483","297.8375244","168443","Hoshiarpur","PB"
"260","Jaunpur",,"5452","25.7490034","82.6987002","82.50634003","168128","Jaunpur","UP"
"261","Adoni",,"8512","15.6322227","77.2728368","425.79953","166537","Kurnool","AP"
"262","Jind",,"1681","29.3211153","76.3058328","225","166225","Jind","HR"
"263","Udupi","Udipi; Odipu","820","13.3371151","74.746596","28.10068703","165401","Udupi","KA"
"264","Tonk",,"154","26.1620402","75.7894716","278.864624","165294","Tonk","RJ"
"265","Tenali",,"8644","16.2395313","80.6493396","17","164937","Guntur","AP"
"266","Lakhimpur",,"5872","27.9490794","80.7824012","150.9188232","164925","Lakhimpur Kheri","UP"
"267","Balurghat",,"3522","25.2372834","88.7830612","29.95094872","164593","Dakshin Dinajpur","WB"
"268","Kanchipuram","Kanchi; Kancheepuram","4112","12.8341735","79.7036402","88.02164459","164265","Kanchipuram","TN"
"269","Vapi","Wapi","260","20.3893155","72.9106202","25.61983109","163630","Valsad","GJ"
"270","Proddatur",,"8564","14.7491864","78.5531577","159.6723785","162816","Kadapa","AP"
"271","Ambur",,"4174","12.7903613","78.7166084","322.8276978","162521","Vellore","TN"
"272","Robertsonpet",,"8153","12.9551189","78.2698622","851.800415","162230","Kolar","KA"
"273","Hathras",,"5722","27.6056212","78.0537813","183.0232239","161289","Hathras","UP"
"274","Navsari",,"2637","20.9467019","72.9520348","15.55265999","160941","Navsari","GJ"
"275","Banda",,"5192","25.4796224","80.3380213","123.1686783","160432","Banda","UP"
"276","Pilibhit",,"5882","28.6207939","79.8128649","189.0522003","160146","Pilibhit","UP"
"277","Mahbubnagar","Palamoor","8542","16.748788","78.003626","499.0140686","157733","Mahbubnagar","TG"
"278","Bettiah",,"6254","26.8028048","84.5169757","77.7228775","156200","West Champaran","BR"
"279","Vidisha",,"7592","23.5251102","77.8081363","429","155959","Vidisha","MP"
"280","Saharsa",,"6478","25.8834961","86.6006249","48.17268372","155175","Saharsa","BR"
"281","Kishangarh",,"1463","26.5870344","74.856397","446.5039063","154986","Ajmer","RJ"
"282","Thanesar","Thaneswar; Sthanishvara","1744","29.9696148","76.8197522","252.9472504","154962","Kurukshetra","HR"
"283","Barabanki","Nawabganj","5248","26.9400001","81.19","123.177681","154692","Barabanki","UP"
"284","Mughalsarai",,"5412","25.2814947","83.1198203","83.84526062","154692","Chandauli","UP"
"285","Veraval",,"2876","20.91424","70.3611","8","154636","Gir Somnath","GJ"
"286","Rudrapur",,"5944","28.9875082","79.4141214","218.9766541","154485","Udham Singh Nagar","UT"
"287","Chittorgarh","Chittaurgarh; Chittor","1472","24.8887435","74.6269216","400.5744934","154439","Chittorgarh","RJ"
"288","Dibrugarh",,"373","27.4728327","94.9119621","109.443573","154019","Dibrugarh","AS"
"289","Chittoor",,"8572","13.217176","79.1003289","310.4804688","153766","Chittoor","AP"
"290","Hazaribagh",,"6546","23.9966213","85.3691068","619.3872681","153599","Hazaribag","JH"
"291","Jorhat",,"376","26.7465203","94.2025859","93","153249","Jorhat","AS"
"292","Hindupur",,"8556","13.829069","77.491835","628.6644287","151835","Anantapur","AP"
"293","Porbandar","Porbander","286","21.6417069","69.6292654","7.072003841","151770","Porbandar","GJ"
"294","Batala",,"1871","31.8183238","75.2070644","246.046875","151400","Gurdaspur","PB"
"295","Beawar",,"1462","26.1007337","74.3190747","453.1542664","151152","Beawar","RJ"
"296","Bhadravati",,"8282","13.8329901","75.7080727","595.1594238","151102","Shimoga","KA"
"297","Hanumangarh",,"1552","29.614436","74.2858121","182.2304382","150958","Hanumangarh","RJ"
"298","Satara",,"2162","17.6804639","74.018261","689.3317261","149335","Satara","MH"
"299","Chhatarpur",,"7682","24.9163562","79.5811827","306.4653931","147688","Chhatarpur","MP"
"300","Hajipur",,"6224","25.692562","85.208369","55.33710098","147688","Vaishali","BR"
"301","Damoh",,"7812","23.8380986","79.4421731","378.1002808","147515","Damoh","MP"
"302","Sasaram","Sahsaram","6184","24.949036","84.0314295","108.2407227","147396","Rohtas","BR"
"303","Nagaon",,"3672","26.3463713","92.6840426","70.47322083","147137","Nagaon","AS"
"304","Beed",,"2442","18.9890893","75.7600785","514.0663452","146709","Beed","MH"
"305","Mohali","Ajitgarh; Sahibzada Ajit Singh Nagar","172","30.7046486","76.7178726","316.6143494","146104","Mohali","PB"
"306","Chitradurga",,"8194","14.2305594","76.3984537","725.1588745","145853","Chitradurga","KA"
"307","Tiruvannamalai","Thiruvannamalai; Trinomali; Trinomalee","4175","12.2252841","79.0746957","173.3144226","145278","Tiruvannamalai","TN"
"308","Abohar",,"1634","30.1452928","74.1993043","187","145238","Fazilka","PB"
"309","Harihar","Harihara; Hurryhur","8192","14.5304566","75.8010962","535.6509399","145000","Davanagere","KA"
"310","Basirhat",,"3217","22.6574017","88.8671766","12.76715946","144891","North 24 Parganas","WB"
"311","Kaithal",,"1746","29.7856734","76.3984537","234.582428","144633","Kaithal","HR"
"312","Pudukkottai",,"4322","10.379663","78.8208454","100.0845032","143745","Pudukkottai","TN"
"313","Godhra",,"2672","22.7788044","73.6142795","126.504921","143644","Panchmahal","GJ"
"314","Giridih",,"6532","24.1821391","86.2869507","280.0335999","143529","Giridih","JH"
"315","Pathankot",,"186","32.2643375","75.6421121","330.3391113","143357","Pathankot","PB"
"316","Shillong",,"364","25.578765","91.893187","1436.608154","143299","East Khassi Hills","ML"
"317","Bhuj",,"2832","23.2419997","69.6669324","104.7913437","143286","Kutch","GJ"
"318","Khurja",,"5738","28.2513538","77.8538797","204.8615723","142636","Bulandshahr","UP"
"319","Bhimavaram",,"8816","16.544709","81.520593","8.032157898","142280","West","AP"
"320","Pakhanjore",,"7844","20.0399913","80.6271415","335.3703308","142240","kanker","CT"
"321","Mandsaur","Mandsour","7422","24.076836","75.0692952","442.1610107","141468","Mandsaur","MP"
"322","Moga",,"1636","30.8164603","75.1717093","223.4807281","141432","Moga","PB"
"323","Rewari",,"1274","28.1927631","76.6239423","244.4236145","140864","Rewari","HR"
"324","Ankleshwar","Ankleshvar","2646","21.6264236","73.0151984","24.07283211","140839","Bharuch","GJ"
"325","Kumbakonam","Coombaconum","435","10.9616945","79.3881132","30.36466408","140156","Thanjavur","TN"
"326","Pandharpur",,"2186","17.6745535","75.3237262","463.4938965","140000","Solapur","MH"
"327","Gonda",,"5262","27.1339913","81.9618968","110.3172379","138929","Gonda","UP"
"328","Kolar",,"8152","13.1357446","78.1325611","845.6694946","138462","Kolar","KA"
"329","Yavatmal",,"7232","20.3887937","78.1204073","458.5481567","138303","Yavatmal","MH"
"330","Bankura",,"3242","23.2324146","87.0786044","87.93463898","138036","Bankura","WB"
"331","Mandya",,"8232","12.5221567","76.9009191","679.4824829","137358","Mandya","KA"
"332","Dehri","Dehri on Sone","6184","24.9277351","84.1909841","107.9899445","137068","Rohtas","BR"
"333","Kamptee","Kamthi","7109","21.2275312","79.1900834","291.9042053","136124","Nagpur","MH"
"334","Nalgonda",,"8682","17.057358","79.268649","238.0984039","135744","Nalgonda","TG"
"335","Madanapalle",,"8571","13.5603491","78.5036065","690.973877","135669","Chittoor","AP"
"336","Malerkotla",,"1675","30.5232076","75.8882508","250.1086884","135424","Sangrur","PB"
"337","Siwan",,"6154","26.2196205","84.3566593","71.35335541","134458","Siwan","BR"
"338","Khargone",,"7282","21.8335244","75.6149893","253.424057","133361","Khargone","MP"
"339","Mainpuri",,"5672","27.2284986","79.0249516","160.0520782","133078","Mainpuri","UP"
"340","Dholpur","Dhaulpur","5642","26.7025181","77.893391","179.6394196","133075","Dholpur","RJ"
"341","Lalitpur",,"5176","24.6878597","78.4120206","358.6721802","133041","Lalitpur","UP"
"342","Chakdaha",,"3473","23.047858","88.5130144","18.15947914","132855","Nadia","WB"
"343","Gondia","Gondiya","7182","21.4624491","80.2209773","309.0845032","132821","Gondia","MH"
"344","Ramgarh",,"6553","23.6332243","85.5148735","337.1078186","132441","Ramgarh","JH"
"345","Darjeeling","Darjiling","354","27.0360066","88.2626751","2121.883301","132016","Darjeeling","WB"
"346","Palwal",,"1275","28.1487362","77.3320262","197.7573395","131121","Palwal","HR"
"347","Etah",,"5742","27.5587505","78.662567","173.7796631","131023","Etah","UP"
"348","Palakkad","Palghat","491","10.7867303","76.6547932","78.25090027","131019","Palakkad","KL"
"349","Rajapalayam",,"4563","9.451559","77.554355","165.8852997","130442","Virudhunagar","TN"
"350","Botad",,"2849","22.1704232","71.6684269","89.01899719","130327","Botad","GJ"
"351","Gangapur",,"7463","26.478446","76.732222","264.5637512","130061","Sawai Madhopur","RJ"
"352","Kottayam",,"481","9.5915668","76.5221531","27.32284927","129894","Kottayam","KL"
"353","Deoria",,"5568","26.505358","83.784454","81.02468872","129570","Deoria","UP"
"354","Bhadrak",,"6784","21.0582737","86.4958396","19","129,152","Bhadrak","OR"
"355","Neemuch","Nimach","7423","24.4763852","74.8624092","487.5201721","128575","Neemuch","MP"
"356","Khanna",,"1628","30.697852","76.2112286","264.3095093","128137","Ludhiana","PB"
"357","Alipurduar",,"3564","26.4918891","89.5271026","51.52791595","127342","Alipurduar","WB"
"358","Purulia","Puruliya","3252","23.3320779","86.365208","255.6390381","126894","Purulia","WB"
"359","Guntakal",,"8552","15.1674091","77.3736238","456.1523132","126270","Anantapur","AP"
"360","Pithampur",,"7292","22.613252","75.6822899","579.706604","126099","Dhar","MP"
"361","Ujhani",,"5832","28.0003235","79.0051685","171.6160583","126000","Budaun","UP"
"362","Srikakulam",,"8942","18.2969747","83.8967813","16.95469856","125939","Srikakulam","AP"
"363","Tinsukia",,"374","27.4921909","95.346775","124.8054733","125637","Tinsukia","AS"
"364","Patan",,"2766","23.8493246","72.1266255","83.89413452","125497","Patan","GJ"
"365","Jagdalpur",,"7782","19.0740973","82.008014","559.7224121","125345","Bastar","CT"
"366","Motihari",,"6252","26.6469624","84.9088938","71.75642395","125183","East Champaran","BR"
"367","Jangipur","Jahangirpur","3483","24.4589833","88.1047287","25.37328148","122875","Murshidabad","WB"
"368","Palanpur",,"2742","24.174051","72.4330989","218.0046692","122344","Palanpur","GJ"
"369","Dharmavaram",,"8559","14.422733","77.721472","366.432251","121874","Anantapur","AP"
"370","Kashipur",,"5947","29.2104232","78.9618845","236.8998871","121610","Udham Singh Nagar","UT"
"371","Ghazipur","Ghazeepore; Ghazipour; Gauspur","548","25.5840419","83.5770202","72.60386658","121136","Ghazipur","UP"
"372","Sawai Madhopur",,"7462","26.0377772","76.3521514","256.9685974","121106","Sawai Madhopur","RJ"
"373","Churu",,"1562","28.2920484","74.9617924","290.7017517","120157","Churu","RJ"
"374","Medininagar","Daltonganj","6562","24.0420432","84.0907246","235.2293243","119972","Palamu","JH"
"375","Dahod","Dohad","2673","22.8379314","74.2531465","300.2412109","118846","Dahod","GJ"
"376","Chirkunda",,"6540","23.747887","86.7868768","127.4498215","118822","Dhanbad","JH"
"377","Nawada",,"6324","24.877299","85.538434","90.87934875","118820","Nawada","BR"
"378","Chikkamagallooru","Chikmagalur","8262","13.315258","75.7754018","1039.627197","118496","Chikkamagallooru","KA"
"379","Chikmagalur","Chikkamagaluru","8262","13.315258","75.7754018","1039.627197","118496","Chikkamagaluru","KA"
"380","Jetpur","Jetpur Navagadh; Kathi","2823","21.761778","70.621101","85.68093109","118302","Rajkot","GJ"
"381","Gudivada",,"8674","16.4410255","80.9926327","12.98032093","118167","Krishna","AP"
"382","Baran",,"7453","25.1011438","76.5131637","265.5518188","117992","Baran","RJ"
"383","Hoshangabad",,"7574","22.744108","77.736967","307.6637573","117956","Hoshangabad","MP"
"384","Adilabad",,"8732","19.676527","78.532194","250.7736664","117167","Adilabad","TG"
"385","Muktasar","Sri Muktsar Sahib","1633","30.476681","74.511289","201.9296875","117085","Muktsar","PB"
"386","Baripada",,"6792","21.9322338","86.7516942","51.77962112","116,874","Mayurbhanj","OR"
"387","Hosur",,"4344","12.7409127","77.8252923","867.4117432","116821","Krishnagiri","TN"
"388","Barnala",,"1679","30.3819446","75.5467979","231.9137115","116449","Barnala","PB"
"389","Makrana",,"1588","27.0285581","74.714621","424.9034424","116295","Nagaur","RJ"
"390","Narasaraopet",,"8647","16.2353506","80.0479039","76.20675659","116250","Guntur","AP"
"391","Sultanpur",,"5362","26.2647757","82.0727061","100.0650177","116211","Sultanpur","UP"
"392","Azamgarh",,"5462","26.0737044","83.1859458","83.68569183","116165","Azamgarh","UP"
"393","Bijnor","Bijnaur; Bijnour","1342","29.3724422","78.1358472","237","115381","Bijnor","UP"
"394","Sahaswan",,"5833","28.0724712","78.7561222","173.4587097","114921","Budaun","UP"
"395","Basti",,"5542","26.8176796","82.7633133","91.81111908","114651","Basti","UP"
"396","Gangawati",,"8533","15.431874","76.5314817","411.6218262","114642","Koppal","KA"
"397","Kothamangalam","Kotamangalam","485","10.0601903","76.6350827","19.78596687","114639","Ernakulam","KL"
"398","Valsad","Bulsar","2632","20.5992349","72.9342451","14.99677181","114636","Valsad","GJ"
"399","Ambikapur",,"7774","23.1354921","83.1817856","604.1185913","114575","Surguja","CT"
"400","Itarsi",,"7572","22.6054858","77.753544","323.8190613","114430","Hoshangabad","MP"
"401","Panaji","Panjim","832","15.4909301","73.8278496","51.43948746","114405","North Goa","GA"
"402","Chandausi",,"5921","28.4480507","78.7796105","194.0588226","114254","Sambhal","UP"
"403","Siddipet",,"8457","18.101864","78.851948","482.7502136","113358","Medak","TG"
"404","Kalol",,"2764","23.2463895","72.5086513","69.38564301","113153","Gandhinagar","GJ"
"405","Bagaha",,"6251","27.128635","84.062203","94","113012","West Champaran","BR"
"406","Achalpur","Ellichpur; Illychpur; Paratwada","7223","21.257584","77.5086754","375.4376526","112293","Amravati","MH"
"407","Gondal",,"2825","21.9619463","70.792297","140.0986023","112197","Rajkot","GJ"
"408","Osmanabad","Usmanabad","2472","18.1860659","76.0419409","663.3656006","112085","Osmanabad","MH"
"409","Akbarpur",,"5271","26.4407468","82.5537514","91.59300232","111594","Ambedkar Nagar","UP"
"410","Ballia",,"5948","25.7584381","84.1487319","66.55557251","111287","Ballia","UP"
"411","Deesa","Disa","2744","24.2585031","72.1906721","144.5768585","111149","Banaskantha","GJ"
"412","Nagaur",,"1582","27.1991222","73.740924","302.00177","110797","Nagaur","RJ"
"413","Bangaon","Bongaon","3215","23.0440381","88.827703","14.77509594","110668","North 24 Parganas","WB"
"414","Buxar",,"6183","25.5647103","83.9777482","67.23199463","110608","Buxar","BR"
"415","Firozpur","Ferozpur","1632","30.9331348","74.6224755","199.1628723","110091","Firozpur","PB"
"416","Hindaun",,"7469","26.7454967","77.0330481","230.0713043","109569","Karauli","RJ"
"417","Mubarakpur",,"5462","26.0809431","83.2987576","78.12638092","109539","Azamgarh","UP"
"418","Tanda",,"5273","26.5432647","82.6645469","89.56899261","109539","Ambedkar Nagar","UP"
"419","Dhubri",,"3662","26.0206982","89.9743463","31.24821281","109234","Dhubri","AS"
"420","Sehore",,"7562","23.205012","77.0850781","495.4626465","109025","Sehore","MP"
"421","Anantnag",,"1932","33.704949","75.247874","1669","108505","Anantnag","JK"
"422","Tadipatri","Tadpatri","8558","14.9070274","78.0092703","239.9841156","108171","Anantapur","AP"
"423","Port Blair",,"3192","11.6233774","92.7264828","16.12903976","108058","South Andaman","AN"
"424","Greater Noida",,"120","28.4743879","77.5039904","201.2235565","107676","Gautam Budh Nagar","UP"
"425","Shikohabad",,"5676","27.110254","78.573784","165.9549866","107300","Firozabad","UP"
"426","Shamli",,"1398","29.4507575","77.3152116","246.3363647","107233","Shamli","UP"
"427","Kishanganj",,"6456","26.0917422","87.9383822","52.08067703","107076","Kishanganj","BR"
"428","Hinganghat",,"7153","20.5505728","78.8411405","225.748764","106984","Wardha","MH"
"429","Cooch Behar","Koch Bihar","3582","26.3356861","89.445851","46.84392548","106760","Cooch Behar","WB"
"430","Karaikudi",,"5465","10.0731315","78.7801544","97.06617737","106714","Sivaganga","TN"
"431","Wardha",,"7152","20.745319","78.6021946","285.7658081","106444","Wardha","MH"
"432","Ranebennuru","Ranibennur","8373","14.6113428","75.6382657","589.5830688","106365","Haveri","KA"
"433","Sitamarhi",,"6226","26.5952476","85.4808393","67","105924","Sitamarhi","BR"
"434","Neyveli",,"4142","11.5432364","79.4760133","38.98167801","105687","Cuddalore","TN"
"435","Amreli",,"2792","21.6031774","71.2220832","125.6765442","105573","Amreli","GJ"
"436","Amreli",,"2792","21.6031774","71.2220832","125.6765442","105573","Amreli","GJ"
"437","Suryapet",,"8684","17.143132","79.630418","177.2016449","105531","Nalgonda","TG"
"438","Jamalpur","Monghyr","6344","25.312717","86.4906091","53","105221","Munger","BR"
"439","Bhiwadi",,"1493","28.2088218","76.8445999","264.0555115","104883","Alwar","RJ"
"440","Barshi","Barsi","2184","18.2333856","75.6941478","516.8850708","104786","Solapur","MH"
"441","Bundi",,"747","25.4305144","75.6499025","264.7151489","104457","Bundi","RJ"
"442","Tadepalligudem",,"8818","16.8138415","81.521241","17.9314785","103906","West","AP"
"443","Miryalaguda","Miryalguda","8689","16.862087","79.554051","138.7900543","103817","Nalgonda","TG"
"444","Chirmiri",,"7771","23.1879502","82.354162","579.0206909","103575","Koriya","CT"
"445","Betul","Badnur","7141","21.9108031","77.9011842","656.3870239","103341","Betul","MP"
"446","Amaravati",,"866","16.574517","80.359012","34.70643616","103000","Guntur","AP"
"447","Nagapattinam","Nagapatnam; Negapatam","4365","10.7656082","79.8423888","8.948264122","102905","Nagapattinam","TN"
"448","Baraut",,"1234","29.099112","77.256551","230.9974823","102733","Baghput","UP"
"449","Jehanabad","Jahanabad","6114","25.2139287","84.9895549","70.55371094","102456","Jehanabad","BR"
"450","Seoni",,"7692","22.0868691","79.5434841","612","102377","Seoni","MP"
"451","Rishikesh",,"135","30.0869281","78.2676116","359.1828003","102138","Dehradun","UT"
"452","Khair",,"5724","27.9391956","77.8424456","191.1534882","102106","Aligarh","UP"
"453","Dhamtari",,"7722","20.7014999","81.5541579","326.9315491","101677","Dhamtari","CT"
"454","Kapurthala",,"1822","31.367197","75.374504","227","101654","Kapurthala","PB"
"455","Sujangarh",,"1568","27.7044756","74.4642861","317.90979","101528","Churu","RJ"
"456","Aurangabad",,"6186","24.7457189","84.3804888","115.0035934","101520","Aurangabad","BR"
"457","Chilakaluripet",,"8646","16.0924301","80.1623948","34.29998016","101398","Guntur","AP"
"458","Malappuram","Malapuram","483","11.0731819","76.0739999","23.61590958","101386","Malappuram","KL"
"459","Kasganj",,"5744","27.8129344","78.649785","176.5052338","101241","Kasganj","UP"
"460","Vasco","Vasco da Gama","832","15.3860329","73.8440398","43.95529175","100485","South Goa","GA"
"461","Tezpur",,"3712","26.6528495","92.7925592","80.89276886","100477","Sonitpur","AS"
"462","Jhunjhunu",,"1592","28.1288747","75.3995089","340.8633728","100476","Jhunjhunu","RJ"
"463","Datia",,"7522","25.6653262","78.4609393","258.0890503","100466","Datia","MP"
"464","Banswara",,"2962","23.5461394","74.4349761","216.4357605","100128","Banswara","RJ"
"465","Raigarh",,"7762","21.8974003","83.3949632","225.9944305","100097","Raigarh","CT"
"466","Nagda",,"7366","23.4454599","75.4169918","468.0708923","100036","Ujjain","MP"
"467","Lakhisarai","Luckeesarai","6346","25.1673614","86.0988253","44.62659454","99931","Lakhisarai","BR"
"468","Auraiya",,"5683","26.4625957","79.5097549","142.4732666","99674","Auraiya","UP"
"469","Kohima",,"370","25.6585963","94.1053307","1444.924927","99039","Kohima","NL"
"470","Gangtok",,"3592","27.3389356","88.6065035","1508.041382","98658","East Sikkim","SK"
"471","Mahuva",,"2844","21.0902193","71.7563169","15.56348133","98519","Bhavnagar","GJ"
"472","Silvassa",,"260","20.2762659","73.0083061","45.3859787","98265","Dadra and Nagar Haveli","DN"
"473","Balangir",,"6652","20.7074234","83.4842725","186.3935852","98238","Balangir","OR"
"474","Phagwara",,"1824","31.2240198","75.7708013","248.725296","97864","Kapurthala","PB"
"475","Jharsuguda",,"6645","21.8554375","84.0061661","223.2878265","97,730","Jharsuguda","OR"
"476","Chalisgaon",,"2589","20.4640778","74.9968543","348.2217712","97551","Jalgaon","MH"
"477","Khatauli",,"1396","29.2758596","77.7309012","242.2206268","97427","Muzaffarnagar","UP"
"478","Manjeri",,"483","11.1202984","76.1199677","46.15379715","97102","Malappuram","KL"
"479","Mormugao",,"832","15.3874352","73.8154394","25.81946754","97085","South Goa","GA"
"480","Deoband",,"1336","29.6910213","77.6822442","257.0641785","97037","Saharanpur","UP"
"481","Mahasamund",,"7723","21.1091317","82.0979023","298.6129761","96850","Mahasamund","CT"
"482","Jagtial",,"8724","18.788321","78.913899","291.2195435","96470","Karimnagar","TG"
"483","Viluppuram","Villupuram; Vizhupuram","4146","11.9368897","79.4872619","49.61007309","96253","Viluppuram","TN"
"484","Amalner",,"2587","21.0419208","75.0581943","189.4182587","96000","Jalgaon","MH"
"485","Sardarshahar",,"1564","28.440419","74.493705","252.9178314","95911","Churu","RJ"
"486","Paramakudi",,"4564","9.5483949","78.5916335","43.28408051","95579","Ramanathapuram","TN"
"487","Zirakpur",,"1762","30.6425496","76.8173359","300.6460876","95553","Mohali","PB"
"488","Tiruchengode",,"4288","11.378665","77.894975","250.0773926","95335","Namakkal","TN"
"489","Nagina",,"1343","29.4426409","78.4326638","251.7993011","95246","Bijnor","UP"
"490","Mahoba",,"5281","25.2920964","79.8724168","208.4297943","95216","Mahoba","UP"
"491","Muradnagar",,"1232","28.7703752","77.4988753","219.891098","95208","Ghaziabad","UP"
"492","Ramanagara","Shamserabad","80","12.7094487","77.2807423","678.3043823","95167","Ramnagar","KA"
"493","Kovilpatti","Covilpatti","4632","9.1674144","77.8767442","110.0148926","95057","Thoothukudi","TN"
"494","Dhanpuri",,"7652","23.2307927","81.4690932","457.6452026","94799","Shahdol","MP"
"495","Bhadohi","Sant Ravidas Nagar","5414","25.38727","82.5680309","89.06383514","94620","Sant Ravidas Nagar","UP"
"496","Theni-Allinagaram",,"4546","10.010262","77.476819","298.3984375","94453","Theni","TN"
"497","Khamgaon",,"7263","20.707117","76.571995","305.9248962","94191","Buldhana","MH"
"498","Dhar",,"7292","22.6012922","75.3024655","569.3966675","93917","Dhar","MP"
"499","Balaghat",,"7632","21.812876","80.1838293","314.5561829","93231","Balaghat","MP"
"500","Akot",,"7258","21.0973361","77.053568","309.5272217","92637","Akola","MH"
"501","Fatehpur",,"1571","27.9950204","74.9617924","326.6806641","92595","Sikar","RJ"
"502","Thalassery","Tellicherry","490","11.7532878","75.4928777","9.58013916","92558","Kannur","KL"
"503","Bolpur",,"3463","23.6686892","87.6827676","51.02700806","92370","Birbhum","WB"
"504","Kanthi","Contai","3220","21.7811343","87.7450379","8.926074982","92226","Midnapore East","WB"
"505","Rajpura",,"1762","30.483997","76.5939516","276.4761047","92193","Patiala","PB"
"506","Udgir",,"2385","18.3942882","77.1126009","640.12854","91933","Latur","MH"
"507","Bhandara",,"7184","21.1750113","79.6558242","259.7280884","91845","Bhandara","MH"
"508","Dadri",,"120","28.5461902","77.55621","208.2372894","91189","Gautam Buddha Nagar","UP"
"509","Ponnani","Ponani; Paniyani","494","10.7677201","75.9259013","7.560951233","90374","Malappuram","KL"
"510","Kadayanallur",,"4633","9.0778543","77.3451861","196.4386902","90364","Tirunelveli","TN"
"511","Pratapgarh","Bela Pratapgarh","5342","25.8973038","81.9452981","96.01345825","90334","Pratapgarh","UP"
"512","Pollachi",,"4259","10.6572737","77.0106693","287.6619263","90180","Coimbatore","TN"
"513","Najibabad",,"1341","29.6127789","78.3446003","273.1411743","88535","Bijnor","UP"
"514","Parli",,"2446","18.8453169","76.5198462","468.4645996","88510","Beed","MH"
"515","Ooty","Ootacamund; Udhagamandalam; Udhagai","423","11.4064138","76.6932438","2247.507813","88430","Nilgiri","TN"
"516","Jhumri Telaiya",,"6534","24.4289365","85.5354724","393.4347839","87867","Koderma","JH"
"517","Margao","Madgaon","832","15.2832187","73.986191","34.68006897","87650","South Goa","GA"
"518","Mancherial",,"8736","18.868797","79.446944","153.9965363","86911","Adilabad","TG"
"519","Karaikal",,"4368","10.9254398","79.8380056","4.212997913","86838","Karaikal","PY"
"520","Dausa",,"1427","26.8931931","76.3375284","345.1671753","85960","Dausa","RJ"
"521","Jeypore","Jaypur","6854","18.8606126","82.5510469","598.0792236","84,830","Koraput","OR"
"522","Mehsana","Mahesana","2762","23.5879607","72.3693252","82.83050537","84133","Mehsana","GJ"
"523","Karauli","Karoli; Kerowlee","7464","26.488323","77.0161436","278.2322998","82960","Karauli","RJ"
"524","Sahibganj",,"6436","25.2381216","87.6453592","39.74337006","80154","Sahibganj","JH"
"525","Kothagudem","Kottagudem","8744","17.6335295","81.0395821","54.34521484","79819","Khammam","TG"
"526","Itanagar",,"360","27.081581","93.6027","260.4170227","34970","Papum Pare","AR"
"527","Bagalkot","Bagalkote","8354","16.1725355","75.6557206","541.9478149","12068","Bagalkot","KA"
"528","Kavaratti",,"4896","10.5593204","72.6358134","-5.234758377","11210","Lakshadweep","LD"
